"name";"category";"subcategory";"material";"price";"oldPrice";"discountPercent";"cashDiscountPercent";"installmentsCount";"priceLabel";"installments";"description";"image";"featured";"isCustomOrder";"allowWhatsappQuote";"stockStatus"
"Alianças em Ouro 18k Tradicional";"Alianças";"Alianças de Ouro 18k/750";"Ouro 18k";"";"";"";"";"";"Sob orçamento";"Consulte condições de parcelamento";"Aliança em ouro 18k/750 com acabamento elegante, feita sob encomenda para momentos especiais. Confeccionamos diversos modelos em até 3 dias. Gravação dos nomes e caixinha inclusas como cortesia. Consulte numeração, prazo e parcelamento em até 12x sem juros pelo WhatsApp.";"aliancas-prata-950.png";"sim";"sim";"sim";"sob encomenda"
"Alianças em Ouro 18k Anatômicas";"Alianças";"Alianças de Casamento";"Ouro 18k";"";"";"";"";"";"Sob orçamento";"Consulte condições de parcelamento";"Aliança em ouro 18k/750 com acabamento elegante, feita sob encomenda para momentos especiais. Confeccionamos diversos modelos em até 3 dias. Gravação dos nomes e caixinha inclusas como cortesia. Consulte numeração, prazo e parcelamento em até 12x sem juros pelo WhatsApp.";"aliancas-ouro-18k-anatomicas.jpg";"sim";"sim";"sim";"sob encomenda"
"Alianças em Prata para Namoro";"Alianças";"Alianças de Namoro";"Prata 925";"249,90";"";"";"";"";"R$ 249,90";"Até 3x sem juros";"Aliança em prata 950 com visual delicado e ótimo acabamento, ideal para simbolizar momentos especiais. Gravação dos nomes e caixinha inclusas como cortesia. Consulte numeração, prazo e parcelamento em até 6x sem juros pelo WhatsApp.";"aliancas-prata-namoro.jpg";"sim";"não";"sim";"disponível"
"Anel Solitário em Ouro 18k";"Anéis";"Solitários";"Ouro 18k";"1890,00";"";"";"";"";"R$ 1.890,00";"Até 10x sem juros";"Solitário em ouro 18k com pedra central de presença elegante para momentos inesquecíveis.";"anel-solitario-ouro-18k.jpg";"sim";"não";"sim";"disponível"
"Anel Feminino em Ouro";"Anéis";"Anéis femininos";"Ouro 18k";"1290,00";"";"";"";"";"R$ 1.290,00";"Até 10x sem juros";"Anel feminino em ouro com desenho leve, pensado para composições sofisticadas.";"anel-feminino-ouro.jpg";"sim";"não";"sim";"disponível"
"Brinco Ponto de Luz";"Brincos";"Ponto de luz";"Zircônia";"179,90";"";"";"";"";"R$ 179,90";"Até 3x sem juros";"Brinco ponto de luz com brilho discreto e acabamento limpo para uso diário.";"brinco-ponto-de-luz.jpg";"sim";"não";"sim";"disponível"
"Brinco Argola";"Brincos";"Argolas";"Semijoia";"219,90";"";"";"";"";"R$ 219,90";"Até 3x sem juros";"Argola de visual atemporal, com presença elegante e acabamento dourado premium.";"brinco-argola.jpg";"não";"não";"sim";"disponível"
"Corrente Masculina em Prata";"Correntes";"Correntes masculinas";"Prata 925";"349,90";"";"";"";"";"R$ 349,90";"Até 5x sem juros";"Corrente masculina em prata 925 com presença marcante e acabamento resistente.";"corrente-masculina-prata.jpg";"não";"não";"sim";"disponível"
"Pulseira Infantil Chapinha";"Pulseiras";"Pulseiras chapinha";"Ouro 18k";"890,00";"";"";"";"";"R$ 890,00";"Até 8x sem juros";"Pulseira infantil com chapinha para gravação, delicada e perfeita para presente.";"pulseira-infantil-chapinha.jpg";"sim";"não";"sim";"disponível"
"Pingente Religioso";"Pingentes";"Religiosos";"Ouro 18k";"690,00";"";"";"";"";"R$ 690,00";"Até 6x sem juros";"Pingente religioso em ouro com acabamento fino, ideal para compor correntes clássicas.";"pingente-religioso.jpg";"não";"não";"sim";"disponível"
"Troca de Bateria de Relógio";"Serviços";"Troca de bateria";"Serviço técnico";"35,00";"";"";"";"";"A partir de R$ 35,00";"Pagamento na retirada";"Troca de bateria para relógios com conferência básica de funcionamento.";"troca-bateria-relogio.jpg";"não";"não";"sim";"disponível"
"Banho de Joia";"Serviços";"Banho de joias";"Serviço técnico";"";"";"";"";"";"Sob orçamento";"Valor após avaliação";"Banho de joias com avaliação do estado da peça para recuperar brilho e acabamento.";"banho-de-joia.jpg";"sim";"sim";"sim";"sob encomenda"
"Polimento de Aliança";"Serviços";"Polimento";"Serviço técnico";"60,00";"";"";"";"";"A partir de R$ 60,00";"Valor após avaliação";"Polimento profissional para alianças, removendo marcas leves e renovando o brilho.";"polimento-de-alianca.jpg";"não";"não";"sim";"disponível"
"Gravação em Aliança";"Serviços";"Gravação";"Serviço técnico";"";"";"";"";"";"Sob orçamento";"Valor conforme gravação";"Gravação personalizada em alianças com nomes, datas e mensagens curtas.";"gravacao-em-alianca.jpg";"não";"sim";"sim";"sob encomenda"
"Anel Teste Ouro 18k";"Anéis";"Anéis femininos";"Ouro 18k";"990";"";"";"";"";"Até 6x sem juros";"Até 7x sem juros";"Anel teste em ouro 18k para validar imagem e cadastro automático.";"anel-teste-01.jpg";"sim";"não";"sim";"disponivel"
"Alianca Ouro 18k Pedra";"Alianças";"Alianças de Ouro 18k/750";"Ouro 18k";"4200";"";"";"";"";"R$ 4.200,00";"Até 6x sem juros";"Aliança em ouro 18k/750 com acabamento elegante, feita sob encomenda para momentos especiais. Confeccionamos diversos modelos em até 3 dias. Gravação dos nomes e caixinha inclusas como cortesia. Consulte numeração, prazo e parcelamento em até 12x sem juros pelo WhatsApp.";"alianca-ouro-18k-pedra-4200.png";"não";"não";"sim";"disponível"
"Alianca Prata Namoro";"Alianças";"Alianças de Namoro";"Prata";"380";"";"";"";"";"R$ 380,00";"Até 6x sem juros";"Aliança em prata 950 com visual delicado e ótimo acabamento, ideal para simbolizar momentos especiais. Gravação dos nomes e caixinha inclusas como cortesia. Consulte numeração, prazo e parcelamento em até 6x sem juros pelo WhatsApp.";"alianca-prata-namoro-380.png";"não";"não";"sim";"disponível"
"Aliança Prata 950 Ancora";"Alianças";"Alianças Prata";"Prata 950";"590";"";"";"";"";"R$ 590,00";"Até 6x sem juros";"Aliança em prata 950 com visual delicado e ótimo acabamento, ideal para simbolizar momentos especiais. Gravação dos nomes e caixinha inclusas como cortesia. Consulte numeração, prazo e parcelamento em até 6x sem juros pelo WhatsApp.";"alianca-prata-950-ancora-590.png";"não";"não";"sim";"disponível"
"Aliança Prata 950 Chanfrado";"Alianças";"Alianças Prata";"Prata 950";"320";"";"";"";"";"R$ 320,00";"Até 6x sem juros";"Aliança em prata 950 com visual delicado e ótimo acabamento, ideal para simbolizar momentos especiais. Gravação dos nomes e caixinha inclusas como cortesia. Consulte numeração, prazo e parcelamento em até 6x sem juros pelo WhatsApp.";"alianca-prata-950-chanfrado-320.png";"não";"não";"sim";"disponível"
"Aliança Prata 950 Coração";"Alianças";"Alianças Prata";"Prata 950";"580";"";"";"";"";"R$ 580,00";"Até 6x sem juros";"Aliança em prata 950 com visual delicado e ótimo acabamento, ideal para simbolizar momentos especiais. Gravação dos nomes e caixinha inclusas como cortesia. Consulte numeração, prazo e parcelamento em até 6x sem juros pelo WhatsApp.";"alianca-prata-950-coracao-580.png";"não";"não";"sim";"disponível"
"Aliança Prata 950 Coração";"Alianças";"Alianças Prata";"Prata 950";"590";"";"";"";"";"R$ 590,00";"Até 6x sem juros";"Aliança em prata 950 com visual delicado e ótimo acabamento, ideal para simbolizar momentos especiais. Gravação dos nomes e caixinha inclusas como cortesia. Consulte numeração, prazo e parcelamento em até 6x sem juros pelo WhatsApp.";"alianca-prata-950-coracao-590.png";"não";"não";"sim";"disponível"
"Aliança Prata 950 Coroa";"Alianças";"Alianças Prata";"Prata 950";"1400";"";"";"";"";"R$ 1.400,00";"Até 6x sem juros";"Aliança em prata 950 com visual delicado e ótimo acabamento, ideal para simbolizar momentos especiais. Gravação dos nomes e caixinha inclusas como cortesia. Consulte numeração, prazo e parcelamento em até 6x sem juros pelo WhatsApp.";"alianca-prata-950-coroa-1400.png";"não";"não";"sim";"disponível"
"Aliança Prata 950 Namoro 380 (2)";"Alianças";"Alianças Prata";"Prata 950";"380";"";"";"";"";"R$ 380,00";"Até 6x sem juros";"Aliança em prata 950 com visual delicado e ótimo acabamento, ideal para simbolizar momentos especiais. Gravação dos nomes e caixinha inclusas como cortesia. Consulte numeração, prazo e parcelamento em até 6x sem juros pelo WhatsApp.";"alianca-prata-950-namoro-380 (2).png";"não";"não";"sim";"disponível"
"Aliança Prata 950 Namoro";"Alianças";"Alianças Prata";"Prata 950";"380";"";"";"";"";"R$ 380,00";"Até 6x sem juros";"Aliança em prata 950 com visual delicado e ótimo acabamento, ideal para simbolizar momentos especiais. Gravação dos nomes e caixinha inclusas como cortesia. Consulte numeração, prazo e parcelamento em até 6x sem juros pelo WhatsApp.";"alianca-prata-950-namoro-380.png";"não";"não";"sim";"disponível"
"Aliança Prata 950 Namoro";"Alianças";"Alianças Prata";"Prata 950";"410";"";"";"";"";"R$ 410,00";"Até 6x sem juros";"Aliança em prata 950 com visual delicado e ótimo acabamento, ideal para simbolizar momentos especiais. Gravação dos nomes e caixinha inclusas como cortesia. Consulte numeração, prazo e parcelamento em até 6x sem juros pelo WhatsApp.";"alianca-prata-950-namoro-410.png";"não";"não";"sim";"disponível"
"Aliança Prata 950 Namoro";"Alianças";"Alianças Prata";"Prata 950";"580";"";"";"";"";"R$ 580,00";"Até 6x sem juros";"Aliança em prata 950 com visual delicado e ótimo acabamento, ideal para simbolizar momentos especiais. Gravação dos nomes e caixinha inclusas como cortesia. Consulte numeração, prazo e parcelamento em até 6x sem juros pelo WhatsApp.";"alianca-prata-950-namoro-580.png";"não";"não";"sim";"disponível"
"Anel Solitario Prata 950";"Anéis";"Solitários";"Prata 950";"160";"";"";"";"";"R$ 160,00";"Até 6x sem juros";"Anel em Prata 950 solitário, ideal para compor produções elegantes e presentear em momentos especiais. Peça com visual sofisticado inspirada em anel solitario prata. Consulte disponibilidade, aro e condições pelo WhatsApp.";"anel-solitario-prata-950-160.png";"não";"não";"sim";"disponível"
"Aliança Ouro 18k Fosca 3600.jpeg";"Alianças";"Alianças Ouro 18k";"Ouro 18k";"";"";"";"";"";"Sob orçamento";"Consulte condições de parcelamento";"Aliança em ouro 18k/750 com acabamento elegante, feita sob encomenda para momentos especiais. Confeccionamos diversos modelos em até 3 dias. Gravação dos nomes e caixinha inclusas como cortesia. Consulte numeração, prazo e parcelamento em até 12x sem juros pelo WhatsApp.";"alianca-ouro-18k-fosca-3600.jpeg.png";"não";"sim";"sim";"sob encomenda"
"Aliança Ouro 18k Fosca";"Alianças";"Alianças Ouro 18k";"Ouro 18k";"3600";"";"";"";"";"R$ 3.600,00";"Até 12x sem juros";"Aliança em ouro 18k/750 com acabamento elegante, feita sob encomenda para momentos especiais. Confeccionamos diversos modelos em até 3 dias. Gravação dos nomes e caixinha inclusas como cortesia. Consulte numeração, prazo e parcelamento em até 12x sem juros pelo WhatsApp.";"alianca-ouro-18k-fosca-3600.png";"não";"sim";"sim";"sob encomenda"
"Aliança Ouro 18k Fosca Polida";"Alianças";"Alianças Ouro 18k";"Ouro 18k";"2900";"";"";"";"";"R$ 2.900,00";"Até 12x sem juros";"Aliança em ouro 18k/750 com acabamento elegante, feita sob encomenda para momentos especiais. Confeccionamos diversos modelos em até 3 dias. Gravação dos nomes e caixinha inclusas como cortesia. Consulte numeração, prazo e parcelamento em até 12x sem juros pelo WhatsApp.";"alianca-ouro-18k-fosca-polida-2900.png";"não";"sim";"sim";"sob encomenda"
"Aliança Ouro 18k Frezo";"Alianças";"Alianças Ouro 18k";"Ouro 18k";"5900";"";"";"";"";"R$ 5.900,00";"Até 12x sem juros";"Aliança em ouro 18k/750 com acabamento elegante, feita sob encomenda para momentos especiais. Confeccionamos diversos modelos em até 3 dias. Gravação dos nomes e caixinha inclusas como cortesia. Consulte numeração, prazo e parcelamento em até 12x sem juros pelo WhatsApp.";"alianca-ouro-18k-frezo-5900.png";"não";"sim";"sim";"sob encomenda"
"Aliança Ouro 18k Lisa";"Alianças";"Alianças Ouro 18k";"Ouro 18k";"3600";"";"";"";"";"R$ 3.600,00";"Até 12x sem juros";"Aliança em ouro 18k/750 com acabamento elegante, feita sob encomenda para momentos especiais. Confeccionamos diversos modelos em até 3 dias. Gravação dos nomes e caixinha inclusas como cortesia. Consulte numeração, prazo e parcelamento em até 12x sem juros pelo WhatsApp.";"alianca-ouro-18k-lisa-3600.png";"não";"sim";"sim";"sob encomenda"
"Aliança Ouro 18k Pedra";"Alianças";"Alianças Ouro 18k";"Ouro 18k";"7200";"";"";"";"";"R$ 7.200,00";"Até 12x sem juros";"Aliança em ouro 18k/750 com acabamento elegante, feita sob encomenda para momentos especiais. Confeccionamos diversos modelos em até 3 dias. Gravação dos nomes e caixinha inclusas como cortesia. Consulte numeração, prazo e parcelamento em até 12x sem juros pelo WhatsApp.";"alianca-ouro-18k-pedra-7200.png";"não";"sim";"sim";"sob encomenda"
"Aliança Ouro 18k Pedra";"Alianças";"Alianças Ouro 18k";"Ouro 18k";"8600";"";"";"";"";"R$ 8.600,00";"Até 12x sem juros";"Aliança em ouro 18k/750 com acabamento elegante, feita sob encomenda para momentos especiais. Confeccionamos diversos modelos em até 3 dias. Gravação dos nomes e caixinha inclusas como cortesia. Consulte numeração, prazo e parcelamento em até 12x sem juros pelo WhatsApp.";"alianca-ouro-18k-pedra-8600.png";"não";"sim";"sim";"sob encomenda"
"Aliança Ouro 18k Personalizado";"Alianças";"Alianças Ouro 18k";"Ouro 18k";"7800";"";"";"";"";"R$ 7.800,00";"Até 12x sem juros";"Aliança em ouro 18k/750 com acabamento elegante, feita sob encomenda para momentos especiais. Confeccionamos diversos modelos em até 3 dias. Gravação dos nomes e caixinha inclusas como cortesia. Consulte numeração, prazo e parcelamento em até 12x sem juros pelo WhatsApp.";"alianca-ouro-18k-personalizado-7800.png";"não";"sim";"sim";"sob encomenda"
"Aliança Ouro 18k Quadrado";"Alianças";"Alianças Ouro 18k";"Ouro 18k";"3500";"";"";"";"";"R$ 3.500,00";"Até 12x sem juros";"Aliança em ouro 18k/750 com acabamento elegante, feita sob encomenda para momentos especiais. Confeccionamos diversos modelos em até 3 dias. Gravação dos nomes e caixinha inclusas como cortesia. Consulte numeração, prazo e parcelamento em até 12x sem juros pelo WhatsApp.";"alianca-ouro-18k-quadrado-3500.png";"não";"sim";"sim";"sob encomenda"
"Anel Ouro 18k Meia Ailanca Pedra";"Anéis";"Anéis em Ouro";"Ouro 18k";"4800";"";"";"";"";"R$ 4.800,00";"Até 12x sem juros";"Anel em Ouro 18k, ideal para compor produções elegantes e presentear em momentos especiais. Peça com visual sofisticado inspirada em anel ouro 18k meia ailanca pedra. Consulte disponibilidade, aro e condições pelo WhatsApp.";"anel-ouro-18k-meia-ailanca-pedra-4800.png";"não";"não";"sim";"disponível"
"Aliança Prata 950 Batimento Cardiaco";"Alianças";"Alianças Prata";"Prata 950";"590";"";"";"";"";"R$ 590,00";"Até 6x sem juros";"Aliança em prata 950 com visual delicado e ótimo acabamento, ideal para simbolizar momentos especiais. Gravação dos nomes e caixinha inclusas como cortesia. Consulte numeração, prazo e parcelamento em até 6x sem juros pelo WhatsApp.";"alianca-prata-950-batimento-cardiaco-590.png";"não";"não";"sim";"disponível"
"Aliança Prata 950 Coração";"Alianças";"Alianças Prata";"Prata 950";"420";"";"";"";"";"R$ 420,00";"Até 6x sem juros";"Aliança em prata 950 com visual delicado e ótimo acabamento, ideal para simbolizar momentos especiais. Gravação dos nomes e caixinha inclusas como cortesia. Consulte numeração, prazo e parcelamento em até 6x sem juros pelo WhatsApp.";"alianca-prata-950-coracao-420.png";"não";"não";"sim";"disponível"
"Aliança Prata 950 Coração Pedra";"Alianças";"Alianças Prata";"Prata 950";"480";"";"";"";"";"R$ 480,00";"Até 6x sem juros";"Aliança em prata 950 com visual delicado e ótimo acabamento, ideal para simbolizar momentos especiais. Gravação dos nomes e caixinha inclusas como cortesia. Consulte numeração, prazo e parcelamento em até 6x sem juros pelo WhatsApp.";"alianca-prata-950-coracao-pedra-480.png";"não";"não";"sim";"disponível"
"Aliança Prata 950 Namoro";"Alianças";"Alianças Prata";"Prata 950";"320";"";"";"";"";"R$ 320,00";"Até 6x sem juros";"Aliança em prata 950 com visual delicado e ótimo acabamento, ideal para simbolizar momentos especiais. Gravação dos nomes e caixinha inclusas como cortesia. Consulte numeração, prazo e parcelamento em até 6x sem juros pelo WhatsApp.";"alianca-prata-950-namoro-320.png";"não";"não";"sim";"disponível"
"Aliança Prata 950 Namoro";"Alianças";"Alianças Prata";"Prata 950";"390";"";"";"";"";"R$ 390,00";"Até 6x sem juros";"Aliança em prata 950 com visual delicado e ótimo acabamento, ideal para simbolizar momentos especiais. Gravação dos nomes e caixinha inclusas como cortesia. Consulte numeração, prazo e parcelamento em até 6x sem juros pelo WhatsApp.";"alianca-prata-950-namoro-390.png";"não";"não";"sim";"disponível"
"Aliança Prata 950 Notas Musicais";"Alianças";"Alianças Prata";"Prata 950";"490";"";"";"";"";"R$ 490,00";"Até 6x sem juros";"Aliança em prata 950 com visual delicado e ótimo acabamento, ideal para simbolizar momentos especiais. Gravação dos nomes e caixinha inclusas como cortesia. Consulte numeração, prazo e parcelamento em até 6x sem juros pelo WhatsApp.";"alianca-prata-950-notas-musicais-490.png";"não";"não";"sim";"disponível"
"Aliança Prata 950 Patas";"Alianças";"Alianças Prata";"Prata 950";"460";"";"";"";"";"R$ 460,00";"Até 6x sem juros";"Aliança em prata 950 com visual delicado e ótimo acabamento, ideal para simbolizar momentos especiais. Gravação dos nomes e caixinha inclusas como cortesia. Consulte numeração, prazo e parcelamento em até 6x sem juros pelo WhatsApp.";"alianca-prata-950-patas-460.png";"não";"não";"sim";"disponível"
"Aliança Prata 950 Pedras";"Alianças";"Alianças Prata";"Prata 950";"780";"";"";"";"";"R$ 780,00";"Até 6x sem juros";"Aliança em prata 950 com visual delicado e ótimo acabamento, ideal para simbolizar momentos especiais. Gravação dos nomes e caixinha inclusas como cortesia. Consulte numeração, prazo e parcelamento em até 6x sem juros pelo WhatsApp.";"alianca-prata-950-pedras-780.png";"não";"não";"sim";"disponível"
"Aliança Prata 950 Pedras Azul";"Alianças";"Alianças Prata";"Prata 950";"520";"";"";"";"";"R$ 520,00";"Até 6x sem juros";"Aliança em prata 950 com visual delicado e ótimo acabamento, ideal para simbolizar momentos especiais. Gravação dos nomes e caixinha inclusas como cortesia. Consulte numeração, prazo e parcelamento em até 6x sem juros pelo WhatsApp.";"alianca-prata-950-pedras-azul-520.png";"não";"não";"sim";"disponível"
"Aliança Prata 950 Pedras Coloridas";"Alianças";"Alianças Prata";"Prata 950";"580";"";"";"";"";"R$ 580,00";"Até 6x sem juros";"Aliança em prata 950 com visual delicado e ótimo acabamento, ideal para simbolizar momentos especiais. Gravação dos nomes e caixinha inclusas como cortesia. Consulte numeração, prazo e parcelamento em até 6x sem juros pelo WhatsApp.";"alianca-prata-950-pedras-coloridas-580.png";"não";"não";"sim";"disponível"
"Aliança Prata 950 Persolaziada";"Alianças";"Alianças Prata";"Prata 950";"610";"";"";"";"";"R$ 610,00";"Até 6x sem juros";"Aliança em prata 950 com visual delicado e ótimo acabamento, ideal para simbolizar momentos especiais. Gravação dos nomes e caixinha inclusas como cortesia. Consulte numeração, prazo e parcelamento em até 6x sem juros pelo WhatsApp.";"alianca-prata-950-persolaziada-610.png";"não";"não";"sim";"disponível"
"Aliança Prata 950 Personalizado";"Alianças";"Alianças Prata";"Prata 950";"440";"";"";"";"";"R$ 440,00";"Até 6x sem juros";"Aliança em prata 950 com visual delicado e ótimo acabamento, ideal para simbolizar momentos especiais. Gravação dos nomes e caixinha inclusas como cortesia. Consulte numeração, prazo e parcelamento em até 6x sem juros pelo WhatsApp.";"alianca-prata-950-personalizado-440.png";"não";"não";"sim";"disponível"
"Combo Alianças Prata 950 + Anel Solitário";"Alianças";"Alianças Prata";"Prata 950";"380";"";"";"";"";"R$ 380,00";"Até 6x sem juros";"Aliança em prata 950 com visual delicado e ótimo acabamento, ideal para simbolizar momentos especiais. Gravação dos nomes e caixinha inclusas como cortesia. Consulte numeração, prazo e parcelamento em até 6x sem juros pelo WhatsApp.";"combo-alianca-prata-950-solitario-380.png";"não";"não";"sim";"disponível"
"Combo Alianças Prata 950 + Anel Solitário";"Alianças";"Alianças Prata";"Prata 950";"390";"";"";"";"";"R$ 390,00";"Até 6x sem juros";"Aliança em prata 950 com visual delicado e ótimo acabamento, ideal para simbolizar momentos especiais. Gravação dos nomes e caixinha inclusas como cortesia. Consulte numeração, prazo e parcelamento em até 6x sem juros pelo WhatsApp.";"combo-alianca-prata-950-solitario-390.png";"não";"não";"sim";"disponível"
"Combo Alianças Prata 950 + Anel Solitário";"Alianças";"Alianças Prata";"Prata 950";"490";"";"";"";"";"R$ 490,00";"Até 6x sem juros";"Aliança em prata 950 com visual delicado e ótimo acabamento, ideal para simbolizar momentos especiais. Gravação dos nomes e caixinha inclusas como cortesia. Consulte numeração, prazo e parcelamento em até 6x sem juros pelo WhatsApp.";"combo-alianca-prata-950-solitario-490.png";"não";"não";"sim";"disponível"
"Combo Alianças Prata 950 + Anel Solitário";"Alianças";"Alianças Prata";"Prata 950";"590";"";"";"";"";"R$ 590,00";"Até 6x sem juros";"Aliança em prata 950 com visual delicado e ótimo acabamento, ideal para simbolizar momentos especiais. Gravação dos nomes e caixinha inclusas como cortesia. Consulte numeração, prazo e parcelamento em até 6x sem juros pelo WhatsApp.";"combo-alianca-prata-950-solitario-590 (2).png";"não";"não";"sim";"disponível"
"Combo Alianças Prata 950 + Anel Solitário";"Alianças";"Alianças Prata";"Prata 950";"590";"";"";"";"";"R$ 590,00";"Até 6x sem juros";"Aliança em prata 950 com visual delicado e ótimo acabamento, ideal para simbolizar momentos especiais. Gravação dos nomes e caixinha inclusas como cortesia. Consulte numeração, prazo e parcelamento em até 6x sem juros pelo WhatsApp.";"combo-alianca-prata-950-solitario-590.png";"não";"não";"sim";"disponível"
"Aliança Prata 950 Coração Vazado";"Alianças";"Alianças Prata";"Prata 950";"340";"";"";"";"";"R$ 340,00";"Até 6x sem juros";"Aliança em prata 950 com visual delicado e ótimo acabamento, ideal para simbolizar momentos especiais. Gravação dos nomes e caixinha inclusas como cortesia. Consulte numeração, prazo e parcelamento em até 6x sem juros pelo WhatsApp.";"alianca-prata-950-coracao-vazado-340.jpg";"não";"não";"sim";"disponível"
"Aliança Prata 950 Fosca";"Alianças";"Alianças Prata";"Prata 950";"380";"";"";"";"";"R$ 380,00";"Até 6x sem juros";"Aliança em prata 950 com visual delicado e ótimo acabamento, ideal para simbolizar momentos especiais. Gravação dos nomes e caixinha inclusas como cortesia. Consulte numeração, prazo e parcelamento em até 6x sem juros pelo WhatsApp.";"alianca-prata-950-fosca-380.jpg";"não";"não";"sim";"disponível"
"Aliança Prata 950 Fosca";"Alianças";"Alianças Prata";"Prata 950";"410";"";"";"";"";"R$ 410,00";"Até 6x sem juros";"Aliança em prata 950 com visual delicado e ótimo acabamento, ideal para simbolizar momentos especiais. Gravação dos nomes e caixinha inclusas como cortesia. Consulte numeração, prazo e parcelamento em até 6x sem juros pelo WhatsApp.";"alianca-prata-950-fosca-410.jpg";"não";"não";"sim";"disponível"
"Aliança Prata 950 Fosca";"Alianças";"Alianças Prata";"Prata 950";"590";"";"";"";"";"R$ 590,00";"Até 6x sem juros";"Aliança em prata 950 com visual delicado e ótimo acabamento, ideal para simbolizar momentos especiais. Gravação dos nomes e caixinha inclusas como cortesia. Consulte numeração, prazo e parcelamento em até 6x sem juros pelo WhatsApp.";"alianca-prata-950-fosca-590.jpg";"não";"não";"sim";"disponível"
"Aliança Prata 950 Lisa Redonda";"Alianças";"Alianças Prata";"Prata 950";"280";"";"";"";"";"R$ 280,00";"Até 6x sem juros";"Aliança em prata 950 com visual delicado e ótimo acabamento, ideal para simbolizar momentos especiais. Gravação dos nomes e caixinha inclusas como cortesia. Consulte numeração, prazo e parcelamento em até 6x sem juros pelo WhatsApp.";"alianca-prata-950-lisa-redonda-280.jpg";"não";"não";"sim";"disponível"
"Aliança Prata 950 Namoro";"Alianças";"Alianças Prata";"Prata 950";"320";"";"";"";"";"R$ 320,00";"Até 6x sem juros";"Aliança em prata 950 com visual delicado e ótimo acabamento, ideal para simbolizar momentos especiais. Gravação dos nomes e caixinha inclusas como cortesia. Consulte numeração, prazo e parcelamento em até 6x sem juros pelo WhatsApp.";"alianca-prata-950-namoro-320.jpg";"não";"não";"sim";"disponível"
"Aliança Prata 950 Namoro 380 (2)";"Alianças";"Alianças Prata";"Prata 950";"380";"";"";"";"";"R$ 380,00";"Até 6x sem juros";"Aliança em prata 950 com visual delicado e ótimo acabamento, ideal para simbolizar momentos especiais. Gravação dos nomes e caixinha inclusas como cortesia. Consulte numeração, prazo e parcelamento em até 6x sem juros pelo WhatsApp.";"alianca-prata-950-namoro-380 (2).jpg";"não";"não";"sim";"disponível"
"Aliança Prata 950 Namoro 380 (3)";"Alianças";"Alianças Prata";"Prata 950";"380";"";"";"";"";"R$ 380,00";"Até 6x sem juros";"Aliança em prata 950 com visual delicado e ótimo acabamento, ideal para simbolizar momentos especiais. Gravação dos nomes e caixinha inclusas como cortesia. Consulte numeração, prazo e parcelamento em até 6x sem juros pelo WhatsApp.";"alianca-prata-950-namoro-380 (3).jpg";"não";"não";"sim";"disponível"
"Aliança Prata 950 Namoro";"Alianças";"Alianças Prata";"Prata 950";"380";"";"";"";"";"R$ 380,00";"Até 6x sem juros";"Aliança em prata 950 com visual delicado e ótimo acabamento, ideal para simbolizar momentos especiais. Gravação dos nomes e caixinha inclusas como cortesia. Consulte numeração, prazo e parcelamento em até 6x sem juros pelo WhatsApp.";"alianca-prata-950-namoro-380.jpg";"não";"não";"sim";"disponível"
"Aliança Prata 950 Namoro";"Alianças";"Alianças Prata";"Prata 950";"440";"";"";"";"";"R$ 440,00";"Até 6x sem juros";"Aliança em prata 950 com visual delicado e ótimo acabamento, ideal para simbolizar momentos especiais. Gravação dos nomes e caixinha inclusas como cortesia. Consulte numeração, prazo e parcelamento em até 6x sem juros pelo WhatsApp.";"alianca-prata-950-namoro-440.jpg";"não";"não";"sim";"disponível"
"Aliança Prata 950 Namoro";"Alianças";"Alianças Prata";"Prata 950";"470";"";"";"";"";"R$ 470,00";"Até 6x sem juros";"Aliança em prata 950 com visual delicado e ótimo acabamento, ideal para simbolizar momentos especiais. Gravação dos nomes e caixinha inclusas como cortesia. Consulte numeração, prazo e parcelamento em até 6x sem juros pelo WhatsApp.";"alianca-prata-950-namoro-470.jpg";"não";"não";"sim";"disponível"
"Aliança Prata 950 Namoro";"Alianças";"Alianças Prata";"Prata 950";"560";"";"";"";"";"R$ 560,00";"Até 6x sem juros";"Aliança em prata 950 com visual delicado e ótimo acabamento, ideal para simbolizar momentos especiais. Gravação dos nomes e caixinha inclusas como cortesia. Consulte numeração, prazo e parcelamento em até 6x sem juros pelo WhatsApp.";"alianca-prata-950-namoro-560.jpg";"não";"não";"sim";"disponível"
"Aliança Prata 950 Namoro";"Alianças";"Alianças Prata";"Prata 950";"620";"";"";"";"";"R$ 620,00";"Até 6x sem juros";"Aliança em prata 950 com visual delicado e ótimo acabamento, ideal para simbolizar momentos especiais. Gravação dos nomes e caixinha inclusas como cortesia. Consulte numeração, prazo e parcelamento em até 6x sem juros pelo WhatsApp.";"alianca-prata-950-namoro-620.jpg";"não";"não";"sim";"disponível"
"Aliança Prata 950 Trabalhada Estrela";"Alianças";"Alianças Prata";"Prata 950";"430";"";"";"";"";"R$ 430,00";"Até 6x sem juros";"Aliança em prata 950 com visual delicado e ótimo acabamento, ideal para simbolizar momentos especiais. Gravação dos nomes e caixinha inclusas como cortesia. Consulte numeração, prazo e parcelamento em até 6x sem juros pelo WhatsApp.";"alianca-prata-950-trabalhada-estrela-430.jpg";"não";"não";"sim";"disponível"
"Aliança Prata 950 Trabalhado";"Alianças";"Alianças Prata";"Prata 950";"590";"";"";"";"";"R$ 590,00";"Até 6x sem juros";"Aliança em prata 950 com visual delicado e ótimo acabamento, ideal para simbolizar momentos especiais. Gravação dos nomes e caixinha inclusas como cortesia. Consulte numeração, prazo e parcelamento em até 6x sem juros pelo WhatsApp.";"alianca-prata-950-trabalhado-590.jpg";"não";"não";"sim";"disponível"
"Combo Alianças Ouro 18k + Anel Solitário";"Alianças";"Alianças Ouro 18k";"Ouro 18k";"5200";"";"";"";"";"R$ 5.200,00";"Até 12x sem juros";"Combo completo com par de alianças em ouro 18k e anel solitário, feito sob encomenda para momentos especiais. Confeccionamos diversos modelos em até 3 dias. Gravação dos nomes e caixinha inclusas como cortesia. Consulte numeração, prazo e parcelamento em até 12x sem juros pelo WhatsApp.";"combo-alianca-ouro-18k-solitario-5200.png";"não";"sim";"sim";"sob encomenda"
"Combo Alianças Prata 950 + Anel Solitário";"Alianças";"Alianças Prata";"Prata 950";"299";"";"";"";"";"R$ 299,00";"Até 6x sem juros";"Combo completo com par de alianças em prata 950 e anel solitário, ideal para pedidos de namoro e momentos especiais. Gravação dos nomes e caixinha inclusas como cortesia. Consulte numeração, prazo e parcelamento em até 6x sem juros pelo WhatsApp.";"combo-alianca-prata-950-solitario-299.jpg";"não";"não";"sim";"disponível"
"Combo Alianças Prata 950 + Anel Solitário";"Alianças";"Alianças Prata";"Prata 950";"349";"";"";"";"";"R$ 349,00";"Até 6x sem juros";"Combo completo com par de alianças em prata 950 e anel solitário, ideal para pedidos de namoro e momentos especiais. Gravação dos nomes e caixinha inclusas como cortesia. Consulte numeração, prazo e parcelamento em até 6x sem juros pelo WhatsApp.";"combo-alianca-prata-950-solitario-349.png";"não";"não";"sim";"disponível"
"Combo Alianças Prata 950 + Anel Solitário";"Alianças";"Alianças Prata";"Prata 950";"299";"";"";"";"";"R$ 299,00";"Até 6x sem juros";"Combo completo com par de alianças em prata 950 e anel solitário, ideal para pedidos de namoro e momentos especiais. Gravação dos nomes e caixinha inclusas como cortesia. Consulte numeração, prazo e parcelamento em até 6x sem juros pelo WhatsApp.";"combo-alianca-prata-950-solitario-quadrado-liso-299.jpg";"não";"não";"sim";"disponível"
"Aliança Prata 950 Trabalhado";"Alianças";"Alianças Prata";"Prata 950";"360";"";"";"";"6";"R$ 360,00";"Até 6x sem juros";"Aliança em prata 950 com visual delicado e ótimo acabamento, ideal para simbolizar momentos especiais. Gravação dos nomes e caixinha inclusas como cortesia. Consulte numeração, prazo e parcelamento em até 6x sem juros pelo WhatsApp.";"alianca-prata-950-trabalhado-360.png";"não";"não";"sim";"disponível"
"Aliança Prata 950 Trabalhado com Pedras";"Alianças";"Alianças Prata";"Prata 950";"760";"";"";"";"6";"R$ 760,00";"Até 6x sem juros";"Aliança em prata 950 com visual delicado e ótimo acabamento, ideal para simbolizar momentos especiais. Gravação dos nomes e caixinha inclusas como cortesia. Consulte numeração, prazo e parcelamento em até 6x sem juros pelo WhatsApp.";"alianca-prata-950-trabalhado-com-pedras-760.png";"não";"não";"sim";"disponível"
"Aliança Prata 950 Trabalhado Fosco";"Alianças";"Alianças Prata";"Prata 950";"590";"";"";"";"6";"R$ 590,00";"Até 6x sem juros";"Aliança em prata 950 com visual delicado e ótimo acabamento, ideal para simbolizar momentos especiais. Gravação dos nomes e caixinha inclusas como cortesia. Consulte numeração, prazo e parcelamento em até 6x sem juros pelo WhatsApp.";"alianca-prata-950-trabalhado-fosco-590.png";"não";"não";"sim";"disponível"
"Alianças Ouro 18k 750 com Coração";"Alianças";"Alianças Ouro 18k";"Ouro 18k";"6100";"6900";"";"";"12";"R$ 6.100,00";"Até 12x sem juros";"Aliança em ouro 18k/750 com acabamento elegante, feita sob encomenda para momentos especiais. Confeccionamos diversos modelos em até 3 dias. Gravação dos nomes e caixinha inclusas como cortesia. Consulte numeração, prazo e parcelamento em até 12x sem juros pelo WhatsApp.";"aliancas-ouro-18k-750-com-coracao-6900-6100.png";"não";"sim";"sim";"sob encomenda"
"Alianças Ouro 18k 750 com Diamantes";"Alianças";"Alianças Ouro 18k";"Ouro 18k";"9600";"";"";"";"12";"R$ 9.600,00";"Até 12x sem juros";"Aliança em ouro 18k/750 com acabamento elegante, feita sob encomenda para momentos especiais. Confeccionamos diversos modelos em até 3 dias. Gravação dos nomes e caixinha inclusas como cortesia. Consulte numeração, prazo e parcelamento em até 12x sem juros pelo WhatsApp.";"aliancas-ouro-18k-750-com-diamantes-9600.png";"não";"sim";"sim";"sob encomenda"
"Alianças Ouro 18k 750 Concava Fosca";"Alianças";"Alianças Ouro 18k";"Ouro 18k";"6400";"";"";"";"12";"R$ 6.400,00";"Até 12x sem juros";"Aliança em ouro 18k/750 com acabamento elegante, feita sob encomenda para momentos especiais. Confeccionamos diversos modelos em até 3 dias. Gravação dos nomes e caixinha inclusas como cortesia. Consulte numeração, prazo e parcelamento em até 12x sem juros pelo WhatsApp.";"aliancas-ouro-18k-750-concava-fosca-6400.png";"não";"sim";"sim";"sob encomenda"
"Alianças Ouro 18k 750 Coração";"Alianças";"Alianças Ouro 18k";"Ouro 18k";"5900";"";"";"";"12";"R$ 5.900,00";"Até 12x sem juros";"Aliança em ouro 18k/750 com acabamento elegante, feita sob encomenda para momentos especiais. Confeccionamos diversos modelos em até 3 dias. Gravação dos nomes e caixinha inclusas como cortesia. Consulte numeração, prazo e parcelamento em até 12x sem juros pelo WhatsApp.";"aliancas-ouro-18k-750-coracao-5900.png";"não";"sim";"sim";"sob encomenda"
"Alianças Ouro 18k 750 Diamantes";"Alianças";"Alianças Ouro 18k";"Ouro 18k";"8300";"";"";"";"12";"R$ 8.300,00";"Até 12x sem juros";"Aliança em ouro 18k/750 com acabamento elegante, feita sob encomenda para momentos especiais. Confeccionamos diversos modelos em até 3 dias. Gravação dos nomes e caixinha inclusas como cortesia. Consulte numeração, prazo e parcelamento em até 12x sem juros pelo WhatsApp.";"aliancas-ouro-18k-750-diamantes-8300.png";"não";"sim";"sim";"sob encomenda"
"Alianças Ouro 18k 750 Fosca";"Alianças";"Alianças Ouro 18k";"Ouro 18k";"4300";"4900";"";"";"12";"R$ 4.300,00";"Até 12x sem juros";"Aliança em ouro 18k/750 com acabamento elegante, feita sob encomenda para momentos especiais. Confeccionamos diversos modelos em até 3 dias. Gravação dos nomes e caixinha inclusas como cortesia. Consulte numeração, prazo e parcelamento em até 12x sem juros pelo WhatsApp.";"aliancas-ouro-18k-750-fosca-4900-4300.png";"não";"sim";"sim";"sob encomenda"
"Alianças Ouro 18k 750 Fosca";"Alianças";"Alianças Ouro 18k";"Ouro 18k";"6200";"";"";"";"12";"R$ 6.200,00";"Até 12x sem juros";"Aliança em ouro 18k/750 com acabamento elegante, feita sob encomenda para momentos especiais. Confeccionamos diversos modelos em até 3 dias. Gravação dos nomes e caixinha inclusas como cortesia. Consulte numeração, prazo e parcelamento em até 12x sem juros pelo WhatsApp.";"aliancas-ouro-18k-750-fosca-6200.png";"não";"sim";"sim";"sob encomenda"
"Alianças Ouro 18k 750 Fosca";"Alianças";"Alianças Ouro 18k";"Ouro 18k";"6300";"";"";"";"12";"R$ 6.300,00";"Até 12x sem juros";"Aliança em ouro 18k/750 com acabamento elegante, feita sob encomenda para momentos especiais. Confeccionamos diversos modelos em até 3 dias. Gravação dos nomes e caixinha inclusas como cortesia. Consulte numeração, prazo e parcelamento em até 12x sem juros pelo WhatsApp.";"aliancas-ouro-18k-750-fosca-6300.png";"não";"sim";"sim";"sob encomenda"
"Alianças Ouro 18k 750 Fosca";"Alianças";"Alianças Ouro 18k";"Ouro 18k";"6790";"";"";"";"12";"R$ 6.790,00";"Até 12x sem juros";"Aliança em ouro 18k/750 com acabamento elegante, feita sob encomenda para momentos especiais. Confeccionamos diversos modelos em até 3 dias. Gravação dos nomes e caixinha inclusas como cortesia. Consulte numeração, prazo e parcelamento em até 12x sem juros pelo WhatsApp.";"aliancas-ouro-18k-750-fosca-6790.png";"não";"sim";"sim";"sob encomenda"
"Alianças Ouro 18k 750 Lisa";"Alianças";"Alianças Ouro 18k";"Ouro 18k";"6700";"";"";"";"12";"R$ 6.700,00";"Até 12x sem juros";"Aliança em ouro 18k/750 com acabamento elegante, feita sob encomenda para momentos especiais. Confeccionamos diversos modelos em até 3 dias. Gravação dos nomes e caixinha inclusas como cortesia. Consulte numeração, prazo e parcelamento em até 12x sem juros pelo WhatsApp.";"aliancas-ouro-18k-750-Lisa-6700.png";"não";"sim";"sim";"sob encomenda"
"Alianças Ouro 18k 750 Pedras";"Alianças";"Alianças Ouro 18k";"Ouro 18k";"6100";"";"";"";"12";"R$ 6.100,00";"Até 12x sem juros";"Aliança em ouro 18k/750 com acabamento elegante, feita sob encomenda para momentos especiais. Confeccionamos diversos modelos em até 3 dias. Gravação dos nomes e caixinha inclusas como cortesia. Consulte numeração, prazo e parcelamento em até 12x sem juros pelo WhatsApp.";"aliancas-ouro-18k-750-pedras-6100.png";"não";"sim";"sim";"sob encomenda"
"Alianças Ouro 18k 750 Pedras";"Alianças";"Alianças Ouro 18k";"Ouro 18k";"8900";"";"";"";"12";"R$ 8.900,00";"Até 12x sem juros";"Aliança em ouro 18k/750 com acabamento elegante, feita sob encomenda para momentos especiais. Confeccionamos diversos modelos em até 3 dias. Gravação dos nomes e caixinha inclusas como cortesia. Consulte numeração, prazo e parcelamento em até 12x sem juros pelo WhatsApp.";"aliancas-ouro-18k-750-pedras-8900.png";"não";"sim";"sim";"sob encomenda"
"Alianças Ouro 18k 750 Pedras";"Alianças";"Alianças Ouro 18k";"Ouro 18k";"9800";"";"";"";"12";"R$ 9.800,00";"Até 12x sem juros";"Aliança em ouro 18k/750 com acabamento elegante, feita sob encomenda para momentos especiais. Confeccionamos diversos modelos em até 3 dias. Gravação dos nomes e caixinha inclusas como cortesia. Consulte numeração, prazo e parcelamento em até 12x sem juros pelo WhatsApp.";"aliancas-ouro-18k-750-pedras-9800.png";"não";"sim";"sim";"sob encomenda"
"Alianças Ouro 18k 750 Persolizado Inicial Diamantes";"Alianças";"Alianças Ouro 18k";"Ouro 18k";"7900";"8900";"";"";"12";"R$ 7.900,00";"Até 12x sem juros";"Aliança em ouro 18k/750 com acabamento elegante, feita sob encomenda para momentos especiais. Confeccionamos diversos modelos em até 3 dias. Gravação dos nomes e caixinha inclusas como cortesia. Consulte numeração, prazo e parcelamento em até 12x sem juros pelo WhatsApp.";"aliancas-ouro-18k-750-persolizado-inicial-diamantes-8900-7900.png";"não";"sim";"sim";"sob encomenda"
"Alianças Ouro 18k 750 Polida";"Alianças";"Alianças Ouro 18k";"Ouro 18k";"3200";"";"";"";"12";"R$ 3.200,00";"Até 12x sem juros";"Aliança em ouro 18k/750 com acabamento elegante, feita sob encomenda para momentos especiais. Confeccionamos diversos modelos em até 3 dias. Gravação dos nomes e caixinha inclusas como cortesia. Consulte numeração, prazo e parcelamento em até 12x sem juros pelo WhatsApp.";"aliancas-ouro-18k-750-polida-3200.png";"não";"sim";"sim";"sob encomenda"
"Alianças Ouro 18k 750 Polida";"Alianças";"Alianças Ouro 18k";"Ouro 18k";"4800";"";"";"";"12";"R$ 4.800,00";"Até 12x sem juros";"Aliança em ouro 18k/750 com acabamento elegante, feita sob encomenda para momentos especiais. Confeccionamos diversos modelos em até 3 dias. Gravação dos nomes e caixinha inclusas como cortesia. Consulte numeração, prazo e parcelamento em até 12x sem juros pelo WhatsApp.";"aliancas-ouro-18k-750-polida-4800.png";"não";"sim";"sim";"sob encomenda"
"Alianças Ouro 18k 750 Trabalhado";"Alianças";"Alianças Ouro 18k";"Ouro 18k";"2700";"3200";"";"";"12";"R$ 2.700,00";"Até 12x sem juros";"Aliança em ouro 18k/750 com acabamento elegante, feita sob encomenda para momentos especiais. Confeccionamos diversos modelos em até 3 dias. Gravação dos nomes e caixinha inclusas como cortesia. Consulte numeração, prazo e parcelamento em até 12x sem juros pelo WhatsApp.";"aliancas-ouro-18k-750-trabalhado-3200-2700.jpeg";"não";"sim";"sim";"sob encomenda"
"Alianças Ouro 18k 750 Trabalhado";"Alianças";"Alianças Ouro 18k";"Ouro 18k";"2800";"3300";"";"";"12";"R$ 2.800,00";"Até 12x sem juros";"Aliança em ouro 18k/750 com acabamento elegante, feita sob encomenda para momentos especiais. Confeccionamos diversos modelos em até 3 dias. Gravação dos nomes e caixinha inclusas como cortesia. Consulte numeração, prazo e parcelamento em até 12x sem juros pelo WhatsApp.";"aliancas-ouro-18k-750-trabalhado-3300-2800.png";"não";"sim";"sim";"sob encomenda"
"Alianças Ouro 18k 750 Trabalhado";"Alianças";"Alianças Ouro 18k";"Ouro 18k";"3700";"";"";"";"12";"R$ 3.700,00";"Até 12x sem juros";"Aliança em ouro 18k/750 com acabamento elegante, feita sob encomenda para momentos especiais. Confeccionamos diversos modelos em até 3 dias. Gravação dos nomes e caixinha inclusas como cortesia. Consulte numeração, prazo e parcelamento em até 12x sem juros pelo WhatsApp.";"aliancas-ouro-18k-750-trabalhado-3700.png";"não";"sim";"sim";"sob encomenda"
"Alianças Ouro 18k 750 Trabalhado";"Alianças";"Alianças Ouro 18k";"Ouro 18k";"4800";"";"";"";"12";"R$ 4.800,00";"Até 12x sem juros";"Aliança em ouro 18k/750 com acabamento elegante, feita sob encomenda para momentos especiais. Confeccionamos diversos modelos em até 3 dias. Gravação dos nomes e caixinha inclusas como cortesia. Consulte numeração, prazo e parcelamento em até 12x sem juros pelo WhatsApp.";"aliancas-ouro-18k-750-trabalhado-4800.png";"não";"sim";"sim";"sob encomenda"
"Alianças Ouro 18k 750 Trabalhado";"Alianças";"Alianças Ouro 18k";"Ouro 18k";"9200";"";"";"";"12";"R$ 9.200,00";"Até 12x sem juros";"Aliança em ouro 18k/750 com acabamento elegante, feita sob encomenda para momentos especiais. Confeccionamos diversos modelos em até 3 dias. Gravação dos nomes e caixinha inclusas como cortesia. Consulte numeração, prazo e parcelamento em até 12x sem juros pelo WhatsApp.";"aliancas-ouro-18k-750-trabalhado-9200.png";"não";"sim";"sim";"sob encomenda"
"Alianças Ouro 18k 750 Trabalhado Folha";"Alianças";"Alianças Ouro 18k";"Ouro 18k";"6980";"7350";"";"";"12";"R$ 6.980,00";"Até 12x sem juros";"Aliança em ouro 18k/750 com acabamento elegante, feita sob encomenda para momentos especiais. Confeccionamos diversos modelos em até 3 dias. Gravação dos nomes e caixinha inclusas como cortesia. Consulte numeração, prazo e parcelamento em até 12x sem juros pelo WhatsApp.";"aliancas-ouro-18k-750-trabalhado-folha-7350-6980.png";"não";"sim";"sim";"sob encomenda"
"Alianças Ouro 18k 750 Trabalhado Pedras";"Alianças";"Alianças Ouro 18k";"Ouro 18k";"7400";"";"";"";"12";"R$ 7.400,00";"Até 12x sem juros";"Aliança em ouro 18k/750 com acabamento elegante, feita sob encomenda para momentos especiais. Confeccionamos diversos modelos em até 3 dias. Gravação dos nomes e caixinha inclusas como cortesia. Consulte numeração, prazo e parcelamento em até 12x sem juros pelo WhatsApp.";"aliancas-ouro-18k-750-trabalhado-pedras-7400.png";"não";"sim";"sim";"sob encomenda"
